count,mean,std,min,25%,50%,75%,max
5.0,24.0,15.572411502397436,10.0,15.0,20.0,25.0,50.0
5.0,356.0,304.0230254437976,30.0,150.0,300.0,500.0,800.0
